{"cameraMode":{"drawMode":0,"name":"Shaded","section":"Shading Mode"},"sceneLighting":true,"audioPlay":false,"sceneViewState":{"m_AlwaysRefresh":false,"showFog":true,"showSkybox":true,"showFlares":true,"showImageEffects":true,"showParticleSystems":true,"showVisualEffectGraphs":true,"m_FxEnabled":true},"in2DMode":false,"pivot":{"x":45.979679107666019,"y":-74.26966857910156,"z":45.89665222167969},"rotation":{"x":0.5685921311378479,"y":0.006424853578209877,"z":-0.004442279227077961,"w":0.8225920796394348},"size":76.4221420288086,"orthographic":false}